stat_1;stat_2;stat_3;stat_4
-1.9680674490827412;-22.370058290616868;-11.385996389339743;-19.388304206630284
7.79668099562242;-9.6860541422785;-7.386393129872511;11.636602540794424
11.232707200533028;-11.616259121476523;-13.963753679403336;11.03503842018989
-7.431385501451353;-2.8812753310867913;-16.752395178961855;-20.35075172118161
9.229357872232825;-5.42028061172295;-11.678622956952498;13.369751625796225
-11.190369305262806;2.3528075287560832;-9.018617362840228;-23.399004270592176
-6.264013334407336;-14.054026971813853;-17.882231467327955;-19.88006764031547
8.344462965308749;5.404226422250647;-3.6281110171867157;-5.799088520211127
-4.841096072735946;-19.400714500653315;-15.46116828030312;-19.31210924443587
-0.34159077073387145;10.031119966152644;1.1843546214770428;-7.974839703675268
6.352906550575932;3.957543798218861;-1.8209474427745576;-9.11423086344717
7.68674200857496;-12.262026151869739;-16.057737819605332;12.01691189019239
7.983773002850626;-5.244162353394966;-11.534719807174406;14.881688659604228
8.887729385132907;-14.104213974925788;-12.391179533891426;13.962409202816763
-4.139591105904809;-15.387229503942294;-9.640004908762858;-16.2365393075393
9.263316649231978;-13.998434426774644;-10.120628380656548;12.959207999370017
-3.1242220284565976;-13.365046333273659;-14.241870007746556;-22.472732283988123
-4.4526832705039325;-16.9196880906382;-17.926256111834434;-24.435868477005037
9.016544027025894;-11.313917831479388;-5.692706231162563;15.040656672378162
7.006065953639734;-12.815221152272278;-11.357983354090234;13.078200562934498
15.854839404175895;5.812240690333806;5.126465677651852;0.33729772762921995
-8.022751445050844;2.1429114333473795;-10.583794036753662;-15.242054420817238
7.711863872643884;-16.242991474452232;-10.226163808495304;17.702759165749644
12.56184050860114;15.74232700196779;-14.155841077341243;8.179826102372047
-5.612011416796994;1.4373985409804728;-5.8461356930288755;12.889444463099245
18.24529244865454;15.65470318749335;-23.328505046486416;4.3676248159789095
9.48101221782339;-9.552409833108175;-11.43114174752585;15.048052125307201
-10.462684355917892;1.2960693961309186;-11.946125002195528;-19.824630171289865
4.3860964558325355;7.143830346713971;-1.8325866344233315;-6.794947643209275
9.575175974024729;-11.740465804360618;-11.911359864654754;12.91583784519224
-12.260063357095897;-2.890998186493009;-16.9697814890719;-15.632312039499741
12.85160130949854;6.950311661212679;3.7483819209478657;3.5671811499953163
-3.4019241601467023;-0.2879730996651948;-12.444510798791416;-21.14591656021656
1.3260623031140202;1.7370957250534662;-4.4614703650200624;-11.422383184414207
14.222492192134464;4.281868199985533;5.304513324908853;3.6858623717337022
-2.828988255291354;-17.456408049566217;-16.477175276836558;-20.863248281361827
-12.509396846742959;1.7281099579574564;-14.471059320930006;-22.316363828688182
9.668788268315119;-7.124862535451488;-11.895560174824155;17.064246804967183
7.612651471826627;-8.90483334789494;-12.905198302213385;15.972084700292958
12.805922014928056;7.581655413989395;6.724316608260637;0.812411476786739
-11.421483229831551;2.1995639959798226;-12.005473528407407;-18.76172090786379
-1.9077407800784119;-13.452063208177385;-16.674969027624833;-14.897426568680805
14.190539365965007;8.78020184351824;7.632518299026177;4.727059587611049
-20.477748211595056;-5.4581518050908295;17.696174689215617;-20.67711547358547
-9.144164490017225;5.577730658914556;-3.9534113694589457;13.47672507657433
9.010993785909129;-9.935170853230714;-13.381717360872903;12.842961220194915
-5.976768631366822;-13.284461868112292;-14.852040783534875;-19.601581041425572
13.475071813032304;-6.242262302675034;-13.655190372010471;17.533779080173083
-7.59091693209669;3.016024409234231;-5.9219116502339935;10.862543739765721
-1.9273376005537606;-21.79175147008132;-15.938623224447467;-21.619377787431798
-1.5285223635464682;-15.173459239544071;-22.025586811921112;-20.383037719249206
6.59188333387568;-11.000313044940732;-12.101806310054206;9.677865500745579
14.727948078156174;8.182876983604581;7.1742017912400105;4.52693260594502
12.614568361168589;7.673251205163284;5.917921476420446;3.9159133143369163
13.56940752791126;-7.800096569543603;-13.615114115633173;16.108275828753605
12.535861234732687;6.674157330675816;5.5113728088539595;3.36120544750893
9.613462700605702;-12.050135615632344;-15.142821212982058;11.245352077263249
15.682118081088156;4.180619811715799;7.6993544231701305;1.4343959202156582
-4.977912270213746;-11.702918106877188;-14.746259109371275;-12.587437545633875
14.606994012311748;19.626757774563373;-18.139719612919496;5.6105806712102115
8.228719088973063;-10.174113089497911;-15.460472766823845;13.542073989588957
-4.355283818993182;-12.105160791304595;-17.961247690663303;-22.356249367197012
-7.0916976837793735;1.6058794892648427;-4.556286619268097;13.536448636718355
7.0790036034781;-9.04839737927135;-11.578414833318678;16.995021669883286
14.341681512957276;3.6801623809861885;8.698097461420284;3.450676875835092
7.796196367181421;-8.155906236857625;-13.439080048605605;18.765094096753973
14.777361124462933;3.844193272816386;7.706330265605329;3.1378667742781254
-10.037801710009528;5.105601304262635;-3.4853237304530404;14.415505486350177
-9.456384363609844;2.475090052708694;-16.068015124261635;-19.03820017456087
13.616415188722598;7.582128504717826;5.8704318786776515;2.2027245273494267
-12.418044903213946;3.2860709081211255;-15.706571258460153;-20.452942679718333
10.961711727576285;-11.837674545187832;-9.281431703779134;16.765952402446327
8.07333460410729;-12.647832320066831;-10.461255554981802;17.77718339447498
12.899240141726699;-9.579073468536922;-14.185496542985645;16.924496707921442
11.932532520601143;-8.546614962020497;-12.599435082725002;13.494110790064585
12.2080117309958;4.683208029161767;2.226104870262028;5.525253159276338
6.867416888284108;-7.5868550485867505;-14.205134905316376;11.245029018874078
6.264376641389178;-7.985279826037116;-12.606763919297878;15.557758933451826
-4.992896157218109;-12.09229004897941;-14.862989840650194;-16.37252225376185
10.409898506216749;-9.16646134156304;-14.063595338081988;12.360777556471783
17.534654715375233;16.45625249058024;-21.169065163783632;9.83436271365526
12.751607381005519;-4.299907433263078;-11.488251087774708;11.295845606852911
3.7346615082601122;4.734170230698046;4.135023933435597;-9.477386445073627
10.250878090302544;-17.08456413134403;-12.147238435709083;14.110386774145711
-7.468460576240319;2.5405087129427666;-6.833092649481241;13.30369950378025
15.00967545150676;7.325129988342967;-12.933535172495546;7.895866220948249
15.47906696905328;-14.90329499995907;-17.714576090668803;15.922454172737014
10.408910372338894;6.309136440256122;7.819642764617235;4.8374332426879745
-8.35718479063888;4.271643682686943;-11.357638100688254;-23.629454846249963
-21.12466037074175;-4.941395448968217;19.91590454853652;-16.825166454730685
11.102133160152992;-15.4109096689761;-8.281477389486954;13.545872745167442
9.827395805964798;7.8640417793866275;6.392124959374268;0.9253645347151753
9.245460127224902;-8.500879675783706;-13.136838851101507;10.029386415760595
10.734985663717977;-6.570582552079185;-11.89621323883168;15.627905939497513
13.234741599721746;5.508200518049791;4.452550318210817;2.3268580529510126
10.246649804607106;-10.676172947761092;-8.624535365497376;13.165505271656821
11.675909670320738;5.892969698524634;4.782872294089209;4.565990374818697
-6.969253089634906;1.8920729134277883;-12.168910851336706;-21.159518027775064
14.361978566003835;6.472269115087274;5.066107685655112;2.311254183329751
13.280007071607656;16.923696873535466;-18.335041120172445;8.392395208044444
-8.633001219368035;4.535960338613865;-5.483578058114787;15.047073699055211
-0.5101118226576302;4.057717795131069;-5.121328746860043;-16.371795164604272
9.61824059328029;-7.129280834031206;-10.282425544637581;13.6702521660844
7.878593320096421;-8.041623090280984;-14.10835490683506;11.123934547075343
4.574064940869476;-8.443272648078167;-11.732057941395627;11.679758199565551
0.8578996007102084;-15.438976920249809;-15.870496000786245;-21.6989259292827
12.866510877913855;7.012378946451994;4.742015191472375;4.381026417546568
15.263848834804323;7.882093668539614;7.944576100379734;4.3481152144033475
-5.5986226455481765;1.575257001554506;-16.155051770559183;-20.17548117777199
11.165819787869886;1.3503342873431432;4.421296747080978;4.225628448734526
6.3441422677654264;-13.691157182305252;-17.435816187081336;12.13086606393544
13.320133073346268;5.166059784493659;6.540900499569076;4.322922121926049
10.657654189735437;5.048450419986876;5.408250156151335;0.6092470115526347
13.819577056868486;5.964800987173876;3.631070511894979;4.005545487531752
4.3810961786241265;-6.007370132452086;-12.204902115963813;13.467415989872837
8.745417060042628;-7.571806834105878;-16.5915146161901;14.54308021303356
-21.310806237933186;-8.930699570560515;19.662806389390525;-17.484053989158504
12.38262475256581;5.766110088983148;3.2054426399720963;3.386677588893992
-3.679154662490668;-20.327873295426947;-17.3534619317103;-19.466031971986762
10.652338144864899;-10.64946217487499;-12.674483722023574;12.696212127549336
12.082928082120587;6.811739131215531;7.04975360965988;2.5328882128949943
12.883081863911006;5.52119053946574;7.535599531855983;2.690000042849943
13.146156910231042;5.043335373935907;6.278188393231571;1.1946262638036154
2.1165039127944256;-11.274192058730625;-13.426686451677018;17.61694019013559
11.07860666413146;-7.131288183399162;-16.366849503741538;16.565310701357653
13.417599685625268;8.73986965825141;4.212017600266955;7.230492243339174
-17.524491997000865;-3.1552095341060653;18.988407679312274;-18.814456559424567
14.361387637347201;16.816019425995503;-20.253961058927214;8.956475586450837
3.4523556677735483;1.795561838565094;-0.17580092109494394;-14.551770943159736
-0.9892762414430836;3.9992723647117763;-5.195044376409874;-6.249205142020415
8.658127394026598;-6.489343487863391;-15.995106867087154;17.3319839513382
13.249652206378869;6.749559043215315;4.205397117921546;3.156726643668672
-18.583204200446147;-3.600449785119817;23.26648257579736;-17.598021149775754
-19.731637885670334;-9.222465130101268;20.37773557403768;-17.488822669920744
-5.3786589847807456;4.816492142383899;-3.688822102078786;14.932980926322012
12.578083625306974;6.873086161291755;1.3805694220513294;3.33009278412121
10.53582851086369;-4.279044297004941;-12.293558511687495;13.5311676340013
11.868224286752977;5.887914882286567;5.993885734241612;2.293005809491028
12.29957151040296;6.772245561672643;1.172817452127414;1.952927288211012
14.137923900125234;5.673044892812211;7.677752183899356;3.7376632027006966
12.017993301694261;4.267218522340125;7.274242179141392;5.298910224353973
13.805845932356553;-9.65440482499586;-14.10095466371909;13.216563989432453
10.843307567627203;11.700750544283089;8.724232717260142;1.0175191760219828
0.7018527520066833;-9.778702140574227;-11.955532732320222;17.360109350003185
-0.4213591093974536;-2.2784398047846457;-10.562275833848275;-15.620204900262927
5.01764810720101;-11.292049414233393;-18.129102605899984;10.183328661382873
-6.920757021903505;-3.2229703849541105;-15.292600741801719;-16.929859613815513
-2.5609835829678005;-13.07048407418255;-16.966402765580874;-18.967867343627695
8.815475146086557;-7.225877253950863;-13.894319968825283;14.890897016002942
-11.783019343115559;-1.0122254374967592;-10.215539984996491;-21.96257256694189
2.8222927148321606;3.084834693988392;-0.5497827589242117;-10.073967216480323
-7.636341832751662;-0.3095989889207229;-11.705552645039567;-19.093822754249167
-6.1710183762892745;1.3264471157032431;-12.928486109758254;-15.285108156372294
9.6571149139885;-7.962757050865218;-15.275546723402709;17.02274724394131
-10.910810850548668;-1.8270807040035626;-10.404671161314674;-18.998908994075805
-21.435354769495586;-4.90329278810815;20.19662254450376;-16.54840717927282
-14.305974731539493;-0.10150064360333566;-15.096263738571228;-14.846384774379487
6.994373489379495;-7.604341000854417;-11.07623759503031;16.04185083564868
6.986867723579142;-9.066955642051415;-13.826765444297678;16.004027580491222
4.083529704280276;5.6992689240381225;-0.7972641006860722;-11.390800393552997
-4.878845163953777;-14.053719170725621;-15.241038833831768;-19.69527192552143
12.464422162491665;5.582259762391754;4.439067822782184;3.2381129358755674
-22.231283778782224;-4.712973422115901;18.81822100785701;-19.369771393454034
13.685764258002642;4.21555328063873;7.3087334111829465;3.3347304635395076
-1.7221545705863406;-16.639553271748262;-19.053610824139653;-17.957235100413204
12.199959177114751;6.8931812753733555;2.8921048817945114;3.8223105475017745
21.305148173581703;14.789329287725842;-22.063401293333413;6.864559263738077
12.088067785117863;6.167785337996697;4.642268248325092;4.003106726431582
-1.5854028376775604;-15.796998205830938;-19.024317715578395;-16.21176735500548
4.34289778481077;-2.994537997473218;5.452869995160671;-8.667938292289413
-6.0066649663664595;2.655025736454583;-6.231561734364303;13.58596833180063
11.592741002138004;7.329673657839639;6.749464333576637;7.2163737757551525
-10.362911360688624;1.7328349218860806;-4.703737583812137;10.55584453409665
12.672207625862965;6.911633104931895;7.7457331759396695;3.9873136490266656
-0.8723531130951478;3.1788408943688644;-16.080917360527213;-19.023472362080707
12.016363364569969;-11.518947881579674;-12.67410862981265;16.544486666761106
11.902270056880136;-11.791335448196651;-16.29869614612562;13.430010057615728
12.524609298291024;6.077826898710675;6.953294905998304;2.997126435269434
-10.254580146180347;1.8417511578387287;-2.0890765073703914;14.55330036489762
-12.557710580888859;2.1643926461764775;-3.6527953445272443;14.739661658815852
-1.5455606470339176;-14.77925695772321;-13.08921003827312;-25.847567837776552
14.199224600762589;7.328313302175568;6.6605696043497495;-1.1492868411917794
-3.6763980977163584;-16.644566209421303;-13.665846369603614;-20.566068970762384
8.116470740836121;-4.071230480572406;-16.711608549448364;13.844579898733048
10.452083388532708;-7.527944786321704;-10.107521146427356;18.600366146774306
15.65826223923127;-9.248001146939803;-6.54001018722702;12.258004359090018
-8.483797508460446;3.5083303492345244;-4.899985521083243;13.441734620519936
-20.966094860116115;-7.2042897454686425;19.643960975281725;-20.725502133280816
-10.60174487515407;-0.4295033492555893;-13.54820799839276;-17.807345064830127
13.439067761127353;-8.804912846360626;-18.78897792294104;18.06877905126415
6.49728501977968;-11.322653450223857;-10.616826518727763;12.288232885825995
19.79879654188201;19.385139039475998;-15.405665187353643;7.849535286768317
12.874335326452732;6.807293565950908;7.170426257734313;4.194274742280053
-1.0218158328435023;-14.858661034026177;-12.260991069780356;-20.71743880350788
12.478074168764273;5.995053109983315;7.4167289239209975;3.0839877339299906
13.450868302161933;7.757732535541102;3.5696599253107353;4.029528461657069
10.596733104893003;-5.5789899239796075;-17.197291769596145;15.491686635694823
6.9519326628967315;-7.691743178798114;-13.660954625064722;11.157959209276207
5.643707409973398;4.890850385008022;4.184563465501988;-14.47149165370479
-18.637232973000895;-4.681316343026225;22.293615846195205;-18.365983622962684
7.079060807172587;-5.728112972224529;-12.991495755166097;16.201824033700294
8.865178891236507;-13.042575267343945;-15.928152169432465;14.339036353153878
18.4626608432379;-12.056785428428068;-15.910462992380628;13.777667292774623
7.387351189668118;-13.330311166831283;-11.423754385550879;12.100066151657614
11.655834093510148;8.321931507721;4.328198680622161;2.87874218547138
13.07095123741704;8.589225398365063;5.603916146408938;5.023579982633876
9.849809280353988;-7.466465871197859;-13.203505239608006;16.283302430193046
6.329573487287203;-13.387236582842737;-8.014872135864502;9.153607521755955
-1.4368370884196606;-14.503981159140526;-15.127997088949595;-23.30844110283444
12.099492571567142;-7.987098367986275;-17.00225264182323;16.284312824570055
13.044061031562762;-9.566475066908243;-12.93515019436016;12.433510065209454
8.946600059411093;-8.638565736686605;-14.104021301755841;10.669616844634321
16.641685688678884;16.16268169678734;-21.272463153461636;12.488571109474925
9.773362868580122;8.240241643500129;3.942429299713409;2.844552443674754
17.580222635144224;-11.133056542001677;-14.211584715206396;10.697020361412442
8.945555866493937;-10.14198021100811;-10.684038344990059;9.352987685340139
-8.72317096634267;2.247590354821121;-10.668469487489267;-16.403512713432825
-10.671801840957844;1.1631199841617896;-11.441222211422637;-16.67701735527471
8.363631726084364;-12.224646336279386;-8.710915710060215;15.47243171103051
-13.690507846044742;2.9138408294924063;-6.27357154521168;15.673853073292987
-0.7387135453418718;4.082324845670915;-6.532865690311705;-0.797578888662855
-5.1857320264258435;-17.806107028764796;-15.179751795167796;-20.796430107259148
-5.7994273665708995;-17.015644503995922;-11.887749142105603;-21.044193391181622
-0.8070911476755431;-19.609313592980257;-14.785493039258698;-17.49614622615266
-9.925362168490352;2.551665184324967;-7.141683672246826;13.713819154277214
10.690737538491913;-10.579110360303925;-14.724898747036008;10.861654896070512
12.809158051200514;4.233952983728626;7.237219263894359;5.760103243852602
-5.9201466436105665;5.260822211182673;-13.393395469666082;-16.312563081324505
8.04615341675902;-7.1387339864983925;-11.977124521677894;16.504206757326696
6.061224636165057;-9.736619277812485;-11.368923052859792;13.91500308387715
4.606144448446533;-9.623933691800474;-10.94424697101785;13.478973942933184
-10.858279770210293;1.8863120304767822;-3.6474995301914808;11.774508533172465
8.010095068893406;-5.853568792219186;-15.871020549057118;14.116209337602697
-7.354620805190853;-0.5093746553593093;-14.247481531890468;-12.364679887623973
11.90619119867861;4.940859547603553;4.5375230085638965;2.5765743915065538
-6.747125083675247;1.2874376067615543;-4.370606170954803;10.148547340879457
2.8714559545401794;-8.542492987131272;-16.274759155857197;14.977692695892008
-9.12669557174491;6.231076488080083;-7.601011938770915;-17.893080019134338
-7.35808263392015;6.80244530374849;-18.16597312382641;-18.749917586197938
14.105860666750994;5.911960778684726;8.36593197456565;4.306674572637446
14.044400852091691;6.637673059716073;7.337664645366062;-0.2609641103853364
14.240180536757961;-9.142335418080433;-12.993014518530602;13.629496939401093
-9.381090848191128;-0.9453235769392747;-21.850658627945272;-19.480901324798133
10.826383701329016;-4.441304608262521;-12.116907821355856;8.70893419478001
12.04913492240285;10.233554958777624;2.420821822661427;3.774085986947468
-20.258379353112307;-5.934335387131091;19.419650937591474;-19.26950866175426
12.626472830082546;7.060472316089234;5.022155676048125;3.74181192108063
4.721040188056401;6.470837937722977;3.1782375248245134;-9.987869564712161
7.601743670904898;-12.442572571137177;-13.248163533849075;20.7631250814599
10.076610292834623;18.895223507114444;-14.605750999732631;3.199360250437687
9.539414908323474;4.142017876128626;-2.8030147587019094;-6.897151209356082
12.721503398286679;-13.190931184624112;-13.237038649368465;16.87116605749206
-9.4127350781262;2.965357090260996;-16.0668260574382;-19.611248944347256
12.426839477023666;8.091459018601656;6.480589520103285;3.992660682775033
-6.232295624678971;0.9857136214909233;-6.9520364470331035;-29.212176577250474
-4.234561314879871;-0.8457790982948072;-16.601940523528537;-22.020143243084625
11.246014573427791;8.51976521699499;5.97825660912096;3.5675745432879693
13.981577146587215;8.954590840610457;5.539491911483594;1.482494880863793
7.023472458242656;-6.309036230073707;-18.592166126718013;13.879603172708915
-10.864950027770478;4.902029868016227;-15.705587390695593;-21.35577103114997
11.614994163561338;-11.922996033114003;-13.133831140617277;12.121815185929936
12.119972594548072;5.6380802496088105;6.065307068539282;3.5450665128346475
-8.142064675886498;-0.4362175205726775;-11.801930041093993;-19.111033241655868
11.46353548675511;-11.615275704116813;-17.11493771780313;14.3108981103045
14.679799439114383;7.61249719190741;8.05132072008363;4.140356995839486
11.36630176086903;5.683375683589939;9.007833360357248;3.0247276163060453
-8.391501304315806;2.9445553038082415;-1.138035299287183;9.524501265956841
9.708138704288025;-8.163077049345139;-13.748923011044345;14.855000170083766
12.046523321211449;4.821302388755122;6.3290173085518475;0.08329613652734436
13.238617316376596;17.480402413193154;-17.928713081200545;9.215156311110869
10.816215944039673;-12.064093410545409;-8.089189597568062;14.409141175726894
17.63921395716403;15.945741503525085;-21.600344298224;8.197008508468782
14.767121699213206;5.595170918360311;7.304860935171863;2.5882585454646927
7.549941449397885;5.084157689079237;-5.629340646528732;-8.892806733055467
6.12329133400927;3.2869685433029994;6.094444179888981;-12.9011888496641
-19.703627952954704;-5.039246303687355;20.691829966162402;-19.307776255879748
-12.05549498440325;0.21211094238307648;-2.177283569601901;16.47471852329388
12.205017504489923;-5.042055455943209;-18.906340902466514;16.591549386680448
12.055647669284372;-12.016237647582887;-12.759136413553179;13.018306189297997
14.730713087175062;-8.40013619369747;-8.951309854994724;13.851544723212895
7.113306866138052;-7.91772559702133;-14.721390600392251;14.520369900047026
12.545040765112224;8.238687394601815;4.855639605777969;1.689696667883924
-7.4225499597226285;-1.125792267044174;-13.134601532949521;-19.284280347697734
13.042897797515817;15.07313508577823;-21.69740277324385;5.0080429684031875
-11.020282506948401;-0.3916883170993737;-13.049924918464518;-16.61576649690664
-0.1171972472470979;5.581108755696954;0.12200712764748833;-11.034932807010534
-9.747341358096937;1.602062379642821;-12.771780068970298;-23.909854065069354
-4.028075139990441;-15.547531402539898;-13.842294323590082;-19.962931496014534
9.843852019652061;-9.812700811759942;-13.290742882179957;8.812400065089548
5.486499604466606;-8.744531762407473;-14.299288711457933;11.999092121712696
12.068147996220352;4.912189257726251;2.417713962345256;1.92202433119091
14.073513766694443;-10.176548978511246;-12.91965472424493;15.155315929180293
13.083239089948092;5.391630252318903;5.620206147935679;2.0709338042988197
-9.865194035708713;-2.734999720932122;-11.816367276089277;-21.938248266519672
13.674790417556181;13.930504729629865;-18.469738098266607;5.134431321046845
15.105098828399784;4.527599147664447;4.589790430754738;4.982775916305775
-0.47238428862709547;5.78472753029642;-3.3808904466996683;-10.80564215753803
10.590813673957822;6.550004378296973;4.839664876865081;1.355000608663691
12.439828724664071;-10.777931906099383;-14.153816075506258;18.113962985133703
7.500289133907323;-4.065275290332693;-15.331358557609382;13.76578790666561
-3.3971921241516934;-21.640732148496948;-15.515850268981326;-16.018968307073575
9.231909471242966;-4.975588765287515;-18.332996592800953;13.603763015338204
-10.72237757573091;2.229793362307882;-3.8882362126867314;10.460255799062535
0.9565298513297356;3.309107321058952;-6.715976348842531;-10.742848034872567
13.60470918756694;5.423204632799354;8.014519749383334;1.8844295369519022
10.927980923540925;-9.794508733681408;-12.432838736940953;10.400190232943146
11.647585096266848;6.965782147464959;5.665585904604148;2.8675993928678527
-0.7436718522051105;-2.6509410602940937;-2.5838947707139064;-13.91703366118351
11.268848979006934;-9.21474430319221;-15.8638312071819;15.848811728727819
11.856688970685804;6.669358577496044;6.063392111621228;2.4497392745425786
19.47897796384032;21.460854641730503;-20.040918815304387;7.284302747550784
-6.210662087610284;4.877832232685263;-13.498381105851228;-18.097384951756766
-1.8108385875122153;-16.17449519009869;-16.03867407620671;-18.88140325916113
12.019754838779214;-5.66761269081964;-10.207015051635807;15.518336480677661
-10.407715186337981;3.487735889648227;-11.34155067960945;-19.724532477702386
-11.45382012748558;1.7396205216633085;-17.21076608946134;-18.532411679109853
9.619518782350992;-10.847627695204432;-14.591430066425168;14.950715846831768
-5.816021698900133;1.44362362567466;-5.997321149781973;-19.537094655345193
-9.881632570721965;3.548576991764926;-6.058414981561267;11.339362345580884
10.93726821758641;8.552875868468503;5.088838825047306;3.3686951788320063
8.516821869607268;-12.058898284434852;-10.66831488099465;9.679706918711105
13.283967462283734;6.546487246543201;5.326232754497812;3.6776398584393597
9.522102278847564;7.070189258542051;6.375143364483957;4.818930812044566
-8.654864840624018;2.7902617512037167;-7.876325470214862;13.710989071031417
13.009317559544453;7.830494233593734;3.6274619983247653;1.9357156822875774
12.144451515451705;5.712205402460947;5.2569627402560215;3.223362655862504
8.79813530735266;-9.774200518016794;-11.742440974696965;14.512260631501352
-9.334036508631428;-15.933523568207974;-16.47278247278416;-17.547062031881932
14.894896448587591;12.478948218080973;-22.192777340501866;4.2474782848779
-6.692995036395603;-13.002904320957132;-14.402502259001553;-17.874288414582225
-9.732546161054296;3.5416016675845414;-7.422332116809696;11.548957953814826
-6.340415781679293;-0.32662272311061935;-7.328208928901331;13.67036025387379
7.1335844977235;-13.628305093898337;-14.878665656551664;15.569672755518178
-5.33415319331331;-0.41782527009762904;-16.5038961369452;-17.608173340085283
-12.354521050073146;2.787410172116615;-6.0528686299531085;15.399845618277475
14.030467556870356;20.274566965437575;-23.422274416265367;10.173575188001527
-6.178205830484346;3.8720629399710877;-8.16337720688419;12.996415119548137
-5.994718298798853;1.9100453590030009;-5.615514981454442;10.774828859364957
13.174469054675056;5.511800711547662;5.946111068053694;5.663759322697633
11.528688906881396;7.747607911832473;5.819468751343068;1.4551544065155524
-13.966895026756024;-2.467926282261549;-16.73207523784227;-18.1744845483696
17.382143331772397;14.697538043811265;-17.090274379092982;7.539199702212071
6.6551487504419224;-5.39121917403733;-8.380632045087784;18.103233436299966
15.993713203284356;6.184833104630977;3.6610060678827567;5.201034009733962
-12.522086915787126;-0.5201596405686577;-11.745091598485352;-17.166725383310535
11.5337501587155;-7.616426735862147;-14.812746400517215;15.365574143536117
10.705986091199073;6.031139971372436;6.247330287431149;3.3211688502503174
3.616398193075037;3.3437004428364197;2.255129122734173;-5.546594519553147
11.542344000039341;-8.43958384374563;-11.723591671528622;12.74064639354798
2.195415020957015;11.711957228575407;0.5322938440835154;-10.367092915281614
6.845266126324544;-11.231162351634303;-14.057122882476962;12.557405699921272
6.165089459575627;-4.482244524481291;-15.625871195981961;11.441040512835094
-8.506775506217561;2.5121868735380195;-4.178342767423321;11.382179604194697
12.803986712380791;-11.85567824669537;-15.558265461722154;10.995697661574425
-10.79507925987952;3.171168576736876;-16.19374640206252;-21.661312898532294
5.564807793979949;7.771840995927688;-3.918734328916476;-5.6270094094087355
6.631998461589419;9.122136320888092;-8.349548316929098;-6.828011800545641
15.086622452698503;6.474981680671566;8.340029177646946;2.474246392603709
9.239317934812629;-9.513775897594009;-16.467615685118055;18.638904349176915
10.978946240837205;-7.311123510734938;-18.344631365159117;12.218727002477978
10.04822745055374;-10.679210192250657;-11.204702706341848;12.750411357438999
-5.076636389121326;4.288617363637943;-4.067069323141799;11.675382941488587
10.414037865982277;-10.602624407074371;-14.181799833144257;14.679164224914745
17.82890588419322;17.18260013405761;-14.881100863994398;6.904725037216499
-18.66559737304476;-6.292397595750938;18.804203430182767;-20.472900722083157
16.00754661129819;5.8261695937903575;5.321408161020165;2.786173000562603
12.258414197456293;-5.617919191259077;-15.818729660644468;13.226829244056582
9.821417840699361;-8.850412805274543;-12.855073139901647;15.592286142055846
12.914055461902889;5.645758794890841;7.320286672133552;5.759269066580032
-8.24749674532867;0.4017500584447987;-17.714500499967336;-19.864944748348552
14.369126293260738;5.728467282756224;7.902575568905162;4.839625373938215
-12.242978222972944;-2.312492229379011;-11.667609039171001;-20.932082627943036
7.74239559356462;-5.766420808376343;-15.969103871402856;10.02298443289564
16.987501971675808;20.35827356121385;-17.859240318044055;6.4781518868168915
7.4254922106938785;-9.123624183984802;-14.93499491958144;15.229927335196333
13.598008461032412;4.467080520613635;5.416897176959539;2.1937150339279756
-10.074941134452917;1.5674616306638565;-4.170078352713217;14.525753459364019
10.78786678474482;-9.619579696218175;-7.59321001000817;14.629542775793482
7.300619870113844;-7.507678801532522;-13.830649454118273;16.13516184922359
10.409418482545243;-10.79053791970732;-13.883593772945398;11.516826430721864
-19.095440681762106;-8.309948067649673;16.027202139043045;-18.121043691760153
2.190188062456233;-11.64997222285178;-11.7623793866729;-15.848792552996922
-3.1689134085797637;-4.338555783298563;-14.318991083213453;-15.127473929090481
10.549111919790983;7.767453758838757;5.472910890179485;2.531069880846536
-12.500979766241219;11.381289431341768;-13.192903740573577;-21.094920928906852
14.002122482829153;8.747646729756186;7.156245596980327;5.605170829929983
12.52978311241569;-8.657934023392729;-13.599864933928737;12.494124591719874
11.55165996721499;7.608755325053291;6.628817856910674;1.0606553299335895
8.452673034458375;-11.061481563877283;-10.008822137175295;13.61217174164741
-3.181618455325972;-0.9311581902538486;-12.885270786048372;-14.791882605033187
13.571705588749493;12.112929898429002;-21.13796411233977;5.669379063076902
13.980680966653694;-7.413151564282494;-12.95272822091443;12.238865883835384
-6.582810877032096;3.3869069139882377;-4.910933289999175;13.71893073235885
-8.194758858651193;0.7573979154723395;-13.376173667076605;-21.61199748028959
10.57729691538233;-10.48525274226834;-10.341424520526175;14.557901290346038
-1.8604331755955967;-16.00119262457438;-15.598671057698242;-21.499337901250115
-19.37808740216117;-4.436287444965645;20.31692081368541;-17.60287847021478
-8.922608038652436;4.14742678844507;-17.70889100434446;-19.99632621769764
12.726070651817725;15.78087735831399;-20.57285945160487;4.176185103331754
12.060436603656374;7.8586134232268465;5.187503346141768;4.3780149336421585
9.226919992081454;-8.505146846397643;-12.458503875999991;8.3029999718755
13.346753092450957;8.234063914038817;6.934900576974611;4.204132857724782
13.151877474737708;7.773523036269186;6.016331744495427;4.949945272090076
-19.18381909196786;-5.207594355580412;19.714973698723558;-20.14047255181509
13.399636668177996;8.484016073994123;10.553639286106767;4.485791906561274
-10.657679581814042;5.919068989373721;-9.94792998275446;-18.858552386443023
-9.729706295791548;1.478972946763483;-18.7099468282276;-14.176037888979131
-1.0838559953939209;-16.058927975524025;-15.71663608011034;-23.442778565197237
8.523814734575328;-10.948697809411577;-15.283432766535014;11.70300896500155
7.870480327394848;-7.319309589290032;-12.136168201147447;14.466285526541085
8.83017030354103;-7.2019300030078;-10.952847895456562;15.377537999241486
-8.73377129874051;-0.6053697735713532;-12.23790358548677;-17.2317820875717
-12.891135955403039;5.36065709986228;-4.203398474870698;13.242186434535846
-6.73702879720045;1.46684925814231;-13.083597608705896;-26.25208129193021
10.650647093447418;8.573923841344978;6.909941482760539;-0.11699043319741875
-10.25458341655061;4.3352206178542545;-1.1161674504135624;11.482213539810687
11.368436424885555;7.443813233441814;5.679866801190533;2.9493558262628667
-11.560614909082615;1.575619612269672;-15.586783842000845;-19.96386246975334
12.634999588200662;5.107686228055453;3.593445730138609;2.8418900142478813
16.83317863627633;19.21746153531932;-22.10592565847871;8.444495722124213
7.057461173203573;-8.047691295924418;-12.475094902035345;10.0613270021233
9.115284987345687;-13.660283979381497;-9.013398907635846;11.904207924637614
9.234891675883587;-8.440121486188731;-14.600108031285146;16.691078078007266
-3.1011940462648395;-15.339747362085856;-12.196752824351522;-16.83837369911548
7.302890117679283;-6.194560411849956;-12.783421245865338;13.19067958915864
9.904122295038096;-6.864351378010051;-11.992196339738843;13.320572344558478
10.403386593153371;-10.391809513909735;-13.579102959469026;11.45545471429395
13.028573203569666;9.377715567557324;8.374180914338544;5.584327915328593
7.365166855628303;3.6655506242184064;-4.26320828555612;-12.682164767797158
-8.976332854105214;0.38072350569215696;-10.150162183999624;-18.49144007223607
8.515699057039146;-6.161900915219162;-13.8781219715451;14.295942918872194
10.685649754659199;-7.085145421284977;-13.584242423952825;16.859503492661435
12.855381154975017;5.384820616631998;5.418335742170125;5.325459550866907
13.04356442686304;6.607260210731624;5.135446784221264;4.358803669771
3.7464773955447064;5.472733107366755;-1.483291003741959;-7.767804509405715
-6.502193732847507;1.0583170406486402;-13.714092978631312;-18.181986007017173
0.13947314685524725;5.273533774406511;1.2185924351294284;-8.878781580254051
5.132877598023717;3.3537362758791924;0.5309935275128876;-11.485023465920113
11.617441504609902;-6.785128041075396;-14.943499675562736;11.187984201441346
-15.683112477914934;0.35968933217866716;-13.208531845430226;-17.49511238699362
11.974668527344702;5.591649142014422;4.915408492880912;4.158107164750141
8.491298185333557;-11.867394519367293;-19.636299432483256;16.566906168867312
14.455933200160871;-6.895481360836186;-9.971789565848242;10.911576884430232
10.37946147080528;-6.572736044541431;-10.221047426870058;12.99481662195606
12.191629047074194;3.9936558292477238;3.688579807729985;6.53366719402454
9.986192076487049;-12.087612001849257;-14.854945881496155;13.632585640716302
-2.8554315846415657;-18.16016553473238;-16.945221918950644;-20.838676844252905
10.108608180911157;-14.436720994942343;-9.549100265544684;13.147641061140561
-5.66589319518066;-14.7661300040759;-16.723853575818136;-16.095843362001446
-7.374474948306236;3.042039657396427;-3.4217900191277515;14.673891720574726
9.771350911586953;-11.720736367401159;-11.153910670492177;12.271815957816635
8.816722684760041;-7.390411241126218;-18.93666015823893;13.259916067634578
-9.659557687732466;1.0033989486948633;-2.4422866926614746;6.604208057591114
-20.427165055528825;-6.2256910014753535;18.424054900389407;-19.290787063067093
-6.41490384195358;0.5821474761063379;-4.67885942622547;12.700610320781538
15.634670250587341;7.075035879360503;7.595975009075322;3.805002492024375
12.46035883614853;7.492888969270471;8.897939258637965;0.702050696190498
9.983011035696226;-10.044457819853983;-15.134941604319202;11.797861805884843
-4.219859470981618;4.642402837574899;-18.382609954654217;-21.475572488540983
8.710378218177759;-12.982082848187808;-12.14378826355538;10.046751129136274
-20.94261337207961;-6.940379254605894;18.14587732289132;-18.44130000761427
11.13710394962808;-3.4206036389208263;-15.306927452991076;13.637672939095143
13.055033475405136;13.306013298088573;-18.255660750974922;3.1308975529398153
18.678477304870267;15.057063272226225;-15.11465810696492;7.4934955415344975
-3.050879148254067;-17.08212258685579;-15.61512550336084;-21.098666731799035
15.151404522733351;-7.471599743656864;-14.059432105044717;12.328915716534553
14.351939592875905;8.345490035572787;5.214407127265589;4.32153870523473
-11.910878489558343;2.4172589622836673;-16.671848554803468;-18.13716938775196
12.546163218175591;10.715261928523855;4.526598341516291;4.844819552571884
-7.8554558412878706;3.3993024991553216;-11.247480325393045;-17.34437558125132
0.9182083798083767;5.820859402493072;-3.862275209140707;-16.06618202705024
18.108262875769633;20.094287486072897;-20.426050973699354;5.786071410623755
-8.459349166629533;5.264456505252348;-4.533757382145911;12.010825275616558
12.853246133022424;6.109837538122671;5.7249310001611775;5.2533402286599085
13.344980463010067;8.850721740189947;6.654862929151496;4.074410384756909
-2.2739838130454975;-17.88956391316688;-16.11322238295589;-25.4986358906349
-0.355524281921034;-15.907444028905863;-9.622398438476978;-20.950783679301598
10.981226257566783;-9.618107552777055;-17.260296431222823;16.22708158123931
9.878886856726862;6.73013013751741;6.83014400113983;0.8172252426021251
10.21842987406795;4.869818622313366;5.369030144762907;5.357103317329468
-10.086560893694164;-0.1669930901995902;-7.855422182180449;14.850881160243594
8.968844779313427;-11.815110807645517;-11.699543633812368;14.262023263913605
11.149008569808181;-11.621142167437501;-11.618181731036435;13.094841078511857
-6.96568633253725;5.36097357455629;-3.129710602146358;12.920824955788332
5.761300254707459;-6.021341037507076;-10.886370537213848;11.557485714823656
14.940504956255111;7.5122575031382;5.680946444344109;3.591023765070591
12.599723946802845;7.475677058108732;6.967516969254317;0.7366204886073113
-8.906201337198585;-17.962294031033675;-17.320825190648055;-21.09537346368811
7.665714123663308;-6.855162578005707;-11.866141198317077;15.308058711567277
14.53853188426842;4.517083348014696;2.18769115250414;3.987901611760085
11.624891899548505;-10.542206731785054;-15.253714258643477;12.59618920747718
11.250656232150805;-6.650879125286645;-9.616687078744977;16.316056112848273
9.081578914321812;-10.23031058026781;-18.335150867013688;16.38038945540671
-6.534489299351337;-3.081692481444615;-11.331714347443835;-16.00463651731266
-5.871635363320759;4.407052810085867;-4.048940311362069;12.4826254781279
-3.759973285469466;-13.62353868625273;-17.738365616295965;-25.241317713429588
-20.265569313567845;-3.5409313815826327;17.7592773548479;-19.432359792682046
11.254915101831283;9.827294721489482;4.293294205390279;5.215926988770868
15.078545722141634;17.13515759026629;-18.551768362473364;10.62605269734018
10.879756490240355;7.569291478799444;4.659662104546108;2.684911574986666
10.883435982703986;6.465713999181733;5.435529246327414;4.379786558006547
14.939985214242828;6.323930184134149;3.874353424552237;3.00649956972946
15.765521925830186;20.43529969239798;-19.814011724916007;5.752734778914904
14.605520678084625;18.35863498745314;-15.601967650768337;8.67499754468492
16.259507342905366;-5.024413450181244;-11.793773532470313;16.64087946869965
7.7185447303726855;-7.897603836185414;-12.24398088202539;18.98435783419506
-10.693943109345014;4.034470698626395;-8.85628428421311;-14.114583902329521
10.580360404897585;7.366193656157039;7.374689980875234;2.3180110712505915
-8.59401995138537;2.223492755608595;-15.466237206016515;-20.239524827201624
-3.947964779619883;3.550323573161662;-19.348013888035585;-14.972304039064362
13.444980819962092;-9.019036860393467;-14.158633010616585;15.633364629063127
5.788846997010545;4.08435164260053;2.015118412652448;-12.997086664058884
12.252780259773239;-7.646694681055198;-16.51970495816639;20.22876757645132
3.9051211593829516;-10.319738933555767;-13.488491298049047;11.166374865087128
8.690277452433728;-6.613440657417759;-10.603753750990402;12.210439915685175
11.534253848622887;6.790546598294575;5.81293949750462;2.5645836983808237
5.742967119304525;8.95051382615922;2.2775014191487397;-4.603057440141873
13.865278451424306;9.029713474726648;7.1465609280382285;4.230701890649957
14.461633696876369;-7.626946629698038;-16.224639631182367;13.92901922998522
7.712439459315412;-9.286199885160975;-14.391668927743893;11.899592555015547
-7.914068563054165;1.9790503172861977;-0.9658361395720507;12.35271245145296
8.005618166289553;-10.75854499546416;-11.649932822356835;9.325852682635777
12.263938255297154;-9.499930777048723;-13.796851502296564;14.420848637448996
11.345088573461219;5.2238456532781115;5.965686483193153;2.677846779918688
9.400712743219083;-8.170939217041457;-16.268640486486326;16.00930228605347
11.969634173464689;6.37920820128922;5.319672613562226;2.855006841877602
-4.360118698301653;-16.440952205473437;-18.4246969235111;-17.119736495543012
9.234294046009147;-9.317237779001893;-11.890451851688294;13.38463504479477
-3.4114970041873507;-18.173397034267854;-16.12193490883409;-24.16036197173253
10.780409615551495;-9.278403150930473;-12.727902353442804;13.470441752608595
13.104054157779583;-8.869312059154296;-8.314011514879727;15.460794749275495
9.940666516867747;-6.516778514722304;-13.821849787715756;15.424558037627598
4.972876360999621;-10.08103837597576;-15.40588964168492;12.328022156938541
9.180697492177751;-11.582610691700413;-16.67833218554053;10.323286802806628
12.219589996836742;7.760131468494593;6.729874396311564;4.053727086640949
16.148147613926813;17.796008510793435;-15.37590239104815;5.498065877108394
8.139337859470073;-14.100320436080967;-11.48200498719201;12.78893388582395
8.579314449040346;-14.840276497687842;-10.565554088613533;10.73548686354142
11.433554040818361;9.369264356192193;6.057280316384988;2.877148419097388
-20.83253634958298;-6.353987068293264;21.11832464747801;-20.63998166724054
-8.007802417166102;-1.2509151055015937;-1.96648710322691;12.680598454481474
13.864849693444224;-4.451545608829218;-11.90215250411376;14.626748878514942
11.73233985115755;5.436967834673913;7.895325588470669;3.666390914113756
12.320837737857792;9.901112478628471;6.312228449917176;2.2018136229381384
-19.715085973471183;-8.108766099723493;20.81064996814097;-18.40096474034545
13.150526992325643;-5.662479298066268;-17.788146442630328;15.074556616136219
6.556565271143736;-4.742073019894694;-11.19538190041736;12.936022590820107
12.336580954559608;6.212715016103942;6.382632200639183;3.3913196736136415
11.174513757762917;-7.778567905853051;-15.608005023649982;15.839017966604809
10.356387881062888;-10.317667603602402;-13.269981973845294;9.59181281174702
2.8667114361365407;-1.8744527988122393;6.943102516306671;-11.55684775313609
-3.2409071911348954;-18.13118876544039;-16.380827018525043;-18.01927419173218
13.314857170346126;7.887203744788716;5.441493441476064;2.483292797269257
-19.94548279034159;-7.371612217168494;20.880255276262773;-20.737113864709173
-8.140523098798647;4.0336524175164925;-3.4451450223279805;17.991926676608557
8.95089389974441;-9.08666561459802;-14.827406710074506;15.149965809090363
10.673069704505235;4.482046049674374;7.075157972582283;1.2159813082895066
12.492704825914732;7.030412639843752;6.739529713823068;3.1534933453388505
8.442577287572577;-11.97654659165535;-10.809650629284853;16.262743493858856
-9.258321245524384;0.7176845660408362;-0.3500528963271412;10.390618014999827
-8.742960318044723;4.721420069858079;-1.7056018496539749;12.191194991081044
13.734078694467208;7.084538767596673;6.238157731545954;2.4965806266912565
14.517541921227394;9.86430740131449;7.415681818412752;1.916068019842326
11.66024615536525;-9.285477809814015;-13.295690367662255;9.050339506242802
-2.589238282314155;-16.929732343320456;-12.986377137752047;-14.495843968199226
15.964263167972991;9.33944429585312;8.332721901399566;5.557602535229866
12.394542561415584;-9.09190734822299;-14.534317333269332;14.568591368921554
7.652253510278385;-11.458066398539996;-12.979838479331852;15.498569932992607
-7.3838743755248455;3.8648521284328416;-2.415300638078555;14.046733968239792
14.436993029542435;5.97749770884944;4.340192545062937;4.554274208076952
10.18797649282724;-8.658398394016032;-17.30499145148008;15.179624192592302
10.518257322707589;8.809493479692827;4.368888456498303;2.4041126181605312
4.22408990185604;-12.582808277079504;-13.55374374267288;17.810438395623507
17.051062084250958;-2.277667506323419;-9.299098410153727;11.28568435826637
6.151924226328516;1.7640542411471563;-0.36546473625599507;-6.776632207866514
14.101719084102022;-7.821203463761746;-9.933549691269505;16.01719894690671
-4.613862176742444;-16.3007240814006;-17.599162310554494;-16.76360151656626
0.15079953790960987;5.734378746422984;0.07860933769555811;-13.94742765833475
6.66102019408468;-10.131838478818992;-10.302384300772532;16.935009893064418
-5.167982060128879;1.9451579995204158;-11.948231125140289;-22.185303045888062
12.711258714929663;7.825922006609741;6.793354517033634;6.589085608635742
14.605610547718411;7.1647642638631766;7.2874911925740475;2.9276819578273963
0.7897526901306389;-11.534783595913751;-12.928036335223466;-17.313749574635267
-9.524848836221285;-14.566222518040632;-16.544420946341802;-18.74597745254248
13.772929162303026;7.940443321502773;3.8453731555868265;1.0341074035649584
13.99645887107717;9.906983496914354;6.76120560817163;3.8524898639210177
-0.03054270468756659;-13.548646698479168;-15.254122515643822;-21.350253535359865
-7.331390615539671;2.741664277151095;-17.069204623845724;-25.12036861279939
11.057033151485266;-6.403009852199913;-7.61030061882977;15.872548014595347
14.778143557410145;15.055825794777878;-21.897904999649686;9.2253599768161
13.820715307961033;7.716763415205165;6.7900794340647534;3.8243402448385218
-5.311914857918709;-15.450801917969274;-16.71115853361184;-20.658324029026865
8.76910621038651;-7.9741336485476175;-13.77513916744805;14.462412241975693
13.952240431975376;6.600954155521496;3.7370620916439785;3.7131038702142103
15.077509090974687;9.137094654490497;5.2276034068881;0.9377810632806609
8.697437751320425;-7.676913473899766;-10.98786213920178;14.294529635358648
15.40082164573468;8.074635235158409;2.29959221512461;2.3662014321888316
0.9333776404277359;-15.78375507693013;-17.85665538783393;-17.122295980704543
-5.951744606780904;3.5961482060525913;-6.2563259326978695;12.739914143426066
14.817756455664458;6.6913370918372665;3.2804136443093554;4.231793606858506
7.375909277879705;-8.32456815137995;-13.96696342914223;18.373204938065154
10.909564655281535;5.192508226221059;8.434408403018125;1.9624303772693361
-9.573737599445492;-0.15295544287197727;-5.472346841799336;14.908578720752418
-10.878752690890366;1.9702614479286227;-14.136790099276128;-21.60189301761908
10.136146348964445;6.339108095715573;7.448372048361622;3.7640122531170004
10.593507007258038;5.79082180712199;5.724574864172358;4.352573400191841
4.9250356936883755;-8.180700935272224;-17.175322012395075;16.358690755523153
11.514517702184781;-10.50878161554712;-9.358876686859917;11.80206394487266
6.467023208760432;-11.833670205099004;-17.129559368867092;10.990333758700618
10.616843175241947;8.935310612582697;4.9239562282696;5.8415218382359
-5.602218957041579;3.27226480132144;-7.554316877869691;15.370371521782616
-5.110753608151189;4.21522414407602;-10.498373299058635;-22.897867833148855
-3.1303051525367125;-18.435168851171913;-12.036676930818764;-19.54875246874962
11.757588786356312;-12.074870936602235;-17.360026270007904;20.313871585207874
7.533572590554079;-7.762764339764979;-12.930384663254154;14.785083322518158
9.83740538981145;-14.101010981287203;-8.603980720775093;14.430347612913746
9.711410836653613;-10.099803205894574;-11.498555285260263;14.278856170244914
-10.963720728432415;5.55945033662276;-2.5393910019393524;12.580029766973665
11.205287202969041;-9.667618638854746;-6.96439356113432;18.16064126245304
-9.384572652756992;2.5402091623071006;-5.798958040848065;13.345637451744548
-12.120236114979756;3.0558812155679815;-2.422986449803638;11.563352497574243
-3.2653591188444073;-17.894289826802947;-18.307688471147014;-21.79731187140506
6.383743640620372;-7.9855132878219575;-16.32575683011582;20.648185914672254
-2.0268849516552288;-12.568399722945799;-12.169570082820533;-21.166216281395542
11.731390692291667;9.370014272088195;7.073528249697937;-0.9391271620932633
9.26418106535619;-7.370500118798994;-17.511722372019783;15.983651081878598
16.220037774588185;-9.141574047923434;-12.85925269529961;17.823913189017496
-8.364276770160092;0.6571554341351156;-14.802852490879316;-22.596575054571034
-15.32911826658105;0.5724947802750103;-10.502210869623461;-19.95636638314339
11.169683762855362;-10.423880286957495;-16.601731218584526;14.024848227808693
10.399664899066014;-8.69986625713801;-12.325271861773514;15.315978084417358
11.467886090445258;-10.493169607481162;-15.450652770638804;14.892517678372236
10.83727203585345;-4.460268608853128;-15.017435396134793;19.359034486158215
-0.024465747923727577;-13.035900946857495;-14.671416363391591;-21.01763158541095
-8.883499204650734;-1.0911225956745016;-14.013473621511862;-12.855471985100445
-7.031409609894008;-15.750814305199144;-18.001393681872244;-23.66904513453355
10.328181102241384;-9.30148121614525;-11.421583320822329;14.11534444745995
12.824145126253988;9.107104932831241;6.153424107860974;2.235104946373105
12.41891656333614;6.64186771617597;5.059280702843185;4.684305509219844
13.420810275159017;-10.736765292830906;-15.642749526518013;13.459113288820847
-7.485466374500959;4.390373579399671;-1.881812280136681;12.799176286929121
14.18826559954315;-14.802531108752964;-14.470525801605604;11.72120923899389
10.73994957237081;-7.691788961756251;-15.357061883537058;13.637565857731268
-12.655476197187914;6.483399466616154;-6.891838105773411;11.29403013758661
-21.386160807850953;-7.240775207066116;17.872622594276358;-19.822304242928354
9.404366687057554;-8.995452376202518;-16.283693897882017;15.290033234496859
10.55209793703426;-14.042801722049456;-14.70255134967907;12.881266485615786
-5.307540469775021;-3.6158516613434095;-14.588315827550481;-14.795549852750263
6.018491084951606;-8.364957622223933;-8.132639451942211;13.035494933900619
10.758170085387915;-3.984437267655358;-11.64795475109705;14.756535772696857
6.506652274761599;-8.464192672597374;-14.719973196447999;15.899126529482125
13.716768460034;8.935662065014844;7.769197193397907;2.5521572198344917
14.532550757190222;5.95444817633603;7.125674306284769;4.714512669683457
5.179470245492538;-11.10766629498397;-12.77614731515904;16.863346653930954
7.831994289468459;-11.020185382236178;-15.900748661960408;9.7337219169946
12.400983151238268;-10.246471141261235;-15.273221910818432;14.871152261093908
13.45581934424348;8.125952776335394;5.1832299737477;2.992096828636066
13.219355302061064;-6.797325238261818;-15.493362078453274;15.804765577174168
10.766231666395285;-8.572069619187083;-11.547452629526658;17.50846943002011
9.223964460481778;-9.748671767355908;-15.612039076062178;19.001545200260786
6.138539501362004;-12.238666090955814;-9.724799053899646;13.841115942197396
14.214850133479239;22.50957095888578;-20.550566622016227;4.81018637155415
12.177133103837068;8.275637597715473;4.328898104918514;2.3399257384036223
14.508416500058663;6.856557406759942;6.2430394536740845;1.8504125171284524
-9.668915659425098;3.5586410259771086;-4.229110767091633;14.912789071082877
12.71630162444452;4.94550260308771;11.706088925373182;1.238888088676537
12.313327266782968;-9.868981607841311;-11.42646399071161;14.406149201913568
1.190064390974549;7.5483150041769225;-1.6933177119753557;-4.963096599045575
-12.107487224023938;1.5604556915317995;-4.013735672861188;14.235217651871478
11.136852299171085;-3.1546330057083134;-14.762555824941119;17.342962149151223
-10.49861827977689;2.1557178040913048;-4.637824275156281;12.268117033739983
-5.845345978056262;-0.877768179829872;-9.369608999150532;-25.444137786062747
13.637290639877392;6.793913460154701;7.789934250314694;-0.6016218492148684
-6.2027589612516785;-15.280454610142593;-15.373490941800979;-19.079662879279905
-9.877991784271796;-0.8227476277399148;-5.107503336619839;10.766231594739272
-1.4408445465997004;-13.875665598817157;-17.37430441450387;-20.58986471057055
-0.22910433702397048;-15.528293874038088;-13.455937822132839;-22.058762019900808
15.902969458206213;-9.389390095682089;-14.434435209442885;15.82541343618324
-9.665486195963942;7.532840930643921;-7.566402405576334;15.809016466596024
-9.725858815822857;1.7064024952069958;-15.938494880528767;-27.892752096891282
7.905735632227973;-6.713570139198053;-15.353949360737769;17.42822092972987
15.059865805877095;7.035949614539279;4.340421233869786;3.0266571778733726
10.401533985685598;-9.840336401137835;-16.8169966046348;17.243862580809328
-2.9931692286266838;-9.990011139833609;-13.559693631497948;-18.382129820825373
12.046866069732896;6.3961828530376525;8.332242615352081;4.751223239792942
9.98542648857152;-8.912954072245732;-10.87801513258481;14.470884516146164
10.177326863965698;-7.8845983164043725;-12.997545570561341;7.718757442447744
14.851079525276019;4.0524618933040895;7.13229398548151;4.52719052036788
-10.103946570715127;4.078196403400221;-3.484654566305104;15.007894271728823
13.327362467909714;20.60043250077511;-23.736145670364902;3.2816814680917514
-6.188148440080186;-12.663505282200905;-15.349160806908364;-21.49738252027108
6.490379587030758;-7.001310143917548;-11.526942401506304;19.886816175067008
11.851232026262096;8.337148392087016;5.744663049941827;4.6575649009129245
-12.74737205929927;-2.531234001263631;-19.57078661934427;-19.233849285476676
0.3381844155871323;9.131846436674333;-2.8376809367466707;-12.190410763759362
5.976135732894532;-11.40916986923392;-13.8043593960106;15.181981487570917
8.254321588709084;-12.443745940190805;-15.00561973089734;13.237137431447422
-9.497514970190839;2.2086389540467213;-11.835002280053896;-16.21263352650664
-10.314633509996987;3.7696379301265805;-13.40124608888533;-22.132898962747657
7.064797920407067;-7.992698663186412;-13.659112764037603;18.815192353660265
-10.841277212184174;1.7298477624406023;-6.5519307678054926;15.419752771736269
-9.695280151653309;2.1477215160408303;-2.278305257034183;9.91670359073922
10.978054373271405;6.521718959218575;7.250340265604416;4.953388748683986
9.82470820919678;-10.124490925723853;-16.96757757561995;15.065422330571588
4.765532902073183;-6.980619145277364;-11.277753494404362;13.765869373580507
7.5597202199573825;6.1584273928328255;-2.953776349665963;-11.433555780748643
-8.393250543560509;-3.741330505890403;-9.528848975361104;-24.904419005334333
11.955522240672375;10.116445576029971;6.670957474392403;0.1278607744405167
-6.703685200383474;-0.7911601612623511;-16.736453852564086;-19.014819930885647
-19.063640993326402;-6.72623349920518;19.718070219368393;-21.614962482213944
11.247187693578761;-9.199365699117516;-13.690167382456787;17.75186534597807
13.313266361704393;7.6522519179348745;7.925754995837151;4.201441371068138
13.066778257050158;5.1261901946597135;3.089166002448864;4.56474056276773
9.926191881733967;-7.369446931921354;-12.290657412339923;14.000826085301547
11.415118916714412;7.1303825627520245;4.908833985081028;5.13853089024693
12.646614957085424;7.690641594351944;4.288078165040689;4.3913191505625875
12.01963982737194;7.742485023632764;11.61213481279051;5.878456995070323
6.545132965731776;-10.294014416436726;-12.962383041395286;11.099960088819207
13.599121126835444;-10.455710779424397;-14.708487293706128;15.759490965874004
-24.16514768837196;-8.227228262976812;17.765310933104132;-20.79914958630811
-9.05363729342925;3.7340225999204635;-3.8553967684116506;14.067750025162221
-8.301179818780158;-0.3984119687133352;-12.284393667481739;-16.61717827453067
-10.821897526686788;3.1111297684386874;-5.207435032165879;14.969793310587345
12.637838215224416;6.948937596476532;6.846597942003882;5.674633752685715
1.3171369450618826;-6.357322734493025;-18.54790032948182;12.58537723501219
12.280666179854107;6.465476327834985;3.528611936512612;3.7952352103864175
10.353881002301561;-8.62319550842598;-18.585413076971058;13.49538227565477
-8.73954294687287;0.739931913154128;-3.559958109076554;16.062399846665077
-10.738815592108883;3.8637763343007734;-6.996333776551129;11.520746719061844
11.678901877154935;-10.94796727260982;-12.737649736613466;18.434355379143753
12.546971240603007;7.706287264643586;5.639796335864518;4.497716312518643
12.052425421365644;7.430447320482479;10.055250321070995;5.0257268201996546
6.3936522912901985;-5.686832713951379;-11.649392047839244;15.770504790588072
12.515701850440697;-7.8036640456044815;-12.288710983838119;17.808020743271694
1.281922440712501;8.756999868620962;-2.6871958816370567;-13.303392675874075
8.0484375915265;5.484532862701492;-0.5117959733322901;-10.648186196371492
4.140982554727149;-6.199403636483023;-13.343956802345451;18.360949292596885
12.8283587210527;5.483623682195177;8.180078173475625;2.423892439064506
3.2413120157669377;-5.031033682758887;-12.911168767449533;8.559919070309803
13.30103342492165;7.709714878846272;7.932312876695053;3.8328164845254666
13.516006743669926;4.871931593461861;4.430694127916073;2.347047921016941
18.00537931338917;17.511754060417285;-15.365087451184213;4.056144358940683
-12.402054536573438;-18.02471636237011;-15.249492093235508;-23.9075737250415
12.195767264451671;7.163675958681265;6.842512070278289;1.825498359479217
-12.866169771473672;-2.3462480244801354;-12.558221602689844;-17.481527574490016
-8.853077056128962;1.1990272015013759;-15.219475709856379;-15.785965979180835
-8.809494102147417;2.611863750504669;-3.1634381225580306;13.84791194138778
7.235017256022941;-12.675036164669084;-13.060464624363473;14.191640271642724
14.283303067365669;-9.577992679589505;-15.552847999713954;16.632388720866373
8.559339942243039;-7.281884188861415;-16.27870963567938;14.957345762256738
13.647220166661315;4.956889897093881;8.218852911738345;5.286039095697001
11.869174877370456;-8.83468382963491;-11.680498117674405;19.159250058815072
8.203580311924974;-8.748845319251142;-14.235752885413623;19.279455532140727
-3.4107155349859695;-17.397938417522756;-19.203021155192978;-14.949282245944673
11.78021392628229;6.112454868564609;5.183996121486675;1.7964579290104319
12.888029893536888;6.8761904951703245;4.24539135916957;3.0742552402315946
9.732634208167704;-11.65839154710791;-17.272139400211483;20.700458122967653
4.354264054242892;6.595003778081951;-0.7239392788808912;-7.386926576985985
-9.774413219123424;3.3129693800302378;-4.090471740334049;13.212295043968615
5.2568612385552225;-10.787416465271551;-9.95472512132829;13.073777223206655
10.507243940495732;-6.147203307768799;-11.097266456422364;15.26841839941382
7.501919220916344;-9.27604372039128;-15.754347955776426;10.728432412244565
12.18570959400997;6.5877271734617695;6.169950559574014;3.1910058159657133
12.202080224811318;4.045469620831274;5.279318317676273;0.309302968945524
11.29563092457548;-10.863641758355826;-15.695206800510134;19.38432015007876
9.330797128263972;-7.137444814534463;-7.889688157573869;18.64109182979061
11.242752618728595;4.012040115652997;6.350635185254656;5.424448165970391
-5.02088607350881;4.736995355359636;-17.898478366511473;-21.072799582456167
-7.5218457930271345;-0.6812905355205015;-9.632536880606757;-16.302260125845727
9.39180941046176;-10.673257695774339;-18.182331268212575;15.991887244918736
-6.005940143071332;4.269307152536697;-4.946694686950421;10.539417887969698
12.843692551466528;-11.651195882662819;-14.848934564104956;10.724293940982454
-7.3617165890774015;1.6432570465655003;-11.659306851593954;-16.903052196498628
10.15446178297092;-4.4852473882810955;-14.435592855697783;12.768723648688589
7.899573387282949;-11.272982795978987;-15.493256086431836;18.425332243022538
-11.374953455309328;0.9624397941545415;-1.7831500552223716;11.886514579172989
-8.322315159489241;3.9941647818271964;-8.582869803803518;14.386632589803812
10.516842133110549;-10.951319271386692;-10.264156217531887;18.347328691127558
-17.24085773469153;-5.9342527512596135;18.431537620020176;-20.284255917336402
6.261331654938673;-4.4602433844680105;-14.21444932309707;17.603699497307932
-20.816373155200946;-6.179590741990901;17.660705297741302;-19.839825794603517
0.02937516490873504;6.995197723404431;2.569689252128608;-8.579327893205106
12.636499009029475;7.986650279321899;5.653621448642132;3.369335394065729
14.113982721294603;7.995011245905673;7.257616684203348;0.12969901472533873
-4.533500842181492;-17.52427432379696;-17.46998214859825;-19.235067420862077
9.916617200658987;-8.49808534727652;-12.878922452678117;14.110678202832505
10.728878281366708;-9.796599833721935;-10.800287723560348;16.47023892156099
-20.8502103049301;-4.406042170293951;21.609860106332686;-18.45218482741637
9.394932540238608;-11.169289618820187;-11.539833404792248;14.378015191854631
10.943934235343281;6.402138345093654;6.572328843171366;2.1979847230818996
7.40020082303781;-10.478454991777504;-15.226506311600449;13.84732810216993
11.436761031889311;7.136768583668215;4.720081536087525;4.51817015543199
-7.152947363915991;0.6857290134152301;-3.8641094323384957;9.490841840256152
11.480913553521388;8.277713317783283;6.849746756000247;3.8159967828712062
-8.713937036477184;4.2080624452839945;-1.8452142796128164;12.33722518357992
-10.600873996686204;3.0650534472245;-17.932509282526766;-20.51435538777345
-6.965181573899812;0.9400107664347592;-2.7128827960415745;14.806495625926642
10.11635751844483;-8.903042172776244;-13.522351082850305;18.518749861742208
8.725766661620698;-6.788254010814808;-11.788448045078797;18.50770523213328
-5.852827203562463;4.508287065140166;-11.65592351422848;-19.06336204847034
1.0041330197773088;4.244994977573617;-1.9876715281788424;-5.662613340140192
12.485747055544707;-6.4871638108920475;-11.801739112444558;13.652025265134247
12.787151159546076;6.890204100668126;3.8691023521867702;3.8207817291144486
7.834142862702104;-8.275935242611698;-10.631361244139114;14.948745665557905
-9.063527016759084;1.2611725791415538;-2.114079183207854;11.881174395401072
-1.8737437706667222;-18.531623333372544;-14.395143675400673;-20.845553329462057
10.766699753371519;5.7172039996508275;7.976590861236912;2.52996013418416
-5.897136787877624;0.21003223283986072;-5.6557213914582505;13.272677011354492
-0.9424351482067532;2.192350781412225;-18.21387082498879;-19.82082947316296
1.3361331238641792;9.285322185069322;5.317097483317068;-10.657671391151293
15.219899836206631;6.570770748688828;6.619706883062134;4.087120868787932
9.199951448494488;-10.233100735000095;-13.233917861519997;18.40987316059714
-3.4112290595271553;-14.970510317397823;-13.132267232323775;-16.306408803514454
11.355360741822565;-7.1667660838908285;-14.808584090490157;17.373233954754802
12.07403127722475;8.043736135136585;6.661261938255865;0.8823992262394427
-21.232019216157077;-7.792624731308078;20.77399282642847;-20.31431526330048
12.604110970400829;8.344834246046576;6.722448494201317;5.326767400387605
-10.98652731036194;1.0463714577746674;-13.689538204495665;-19.50247570291925
12.484779466556796;10.160866362335806;6.844583959158736;4.574821311257077
13.06658483116186;21.2488914979986;-18.047999264825606;7.765726194956144
4.032098333378681;-12.9791896817493;-9.664840332441994;12.027564124658943
13.860298390972217;7.272942108212927;8.138904727276287;3.9645979684467614
-7.859322185261286;3.590782510579035;-13.091478899718444;-20.848662634609074
21.587682897305697;19.397620262289585;-15.274127733393158;6.822617666081655
10.075528243403221;-10.520469372019724;-9.361640017986058;17.222695820759938
7.571312722576917;-9.61432295712552;-11.995578097278429;16.963474061267597
14.953533642370289;7.75934637347021;6.362345765716359;3.958617858589525
-9.908548454541899;-13.240889763482555;-14.121151506107003;-19.80316649855815
-19.888424428270817;-5.914138446377816;19.32898525949358;-19.22637507918624
7.398610249255028;-14.339778187528587;-9.163997913016102;10.8371998611523
12.67416104697732;8.571785058091745;7.191439253420573;3.9260105845831097
8.558346513115653;-9.009106079803107;-18.980554063316305;13.993543165622262
8.02640212227507;-6.529101399326535;-10.55907897377226;10.875238726662488
18.369354447250004;14.078928222264196;-18.74694564272684;3.9750515561652073
-1.373064453878774;7.969594130411523;-0.39770524459529333;-3.1496531169380706
12.260591142643532;-8.453022879643038;-14.081025527454447;14.54054460238977
7.0429486550578275;-8.645556445516819;-13.306493916439575;14.07974566721879
13.290867564918491;-5.426802453090136;-12.791315092182721;15.317049664870154
-8.805160216230746;-0.01490400095280453;-3.233013553377651;13.798593773400231
11.105527865616684;-10.200343143950489;-18.39050886348913;13.122581214379542
12.58828634243571;-11.043542270278877;-10.457571446809993;14.268684412863205
-6.890796782504475;1.5077566721143152;-6.141941550357895;17.216617933147425
2.814383730749115;1.4111171193147127;-8.804206299173527;-12.747636429844837
-11.300408988672164;2.395505223899101;-10.640460081344084;-19.428139989091076
14.608402793164009;6.151544287163085;5.6325691358636565;3.5368280297089663
13.262192374207773;-16.33198870331902;-15.660124169621357;18.01081124606225
19.96663490375103;15.299674979568026;-21.971632105725984;9.480408779594415
17.13055867820658;12.898944070671487;-18.885614213948266;8.981783355338822
0.6461091086015331;-1.4972395667274174;-0.5859604805621005;-8.622145750767329
-4.0258850308362355;6.497535743712875;-14.334036892027402;-22.50153001552762
-11.509949801050471;2.3091363402670297;-13.914317565845305;-14.9385491157136
11.326878598514131;5.464493631773387;7.376955291979606;2.9352775212852613
10.037085590884;-6.81888130266217;-8.805856661355058;8.338370045035179
5.229505843958572;7.122603527541852;-0.7711470233873705;-10.615477612523106
-8.830188789505254;-4.937923362143677;-12.961071804363396;-17.84795638949185
-10.751866374240757;3.94845069403828;-1.6261116801500415;13.510261358916114
6.053311708542584;-4.375465623565979;-12.13430971246835;13.953647298646995
12.14710009050394;-8.561873100535117;-15.377287411789524;7.140296001215209
-12.678536175648292;-3.6453870127495156;-9.708156752933458;-20.888172869893566
9.261245948046593;-12.950902182558142;-14.321905571979745;17.66331900004043
7.585544985828747;-4.161935366867111;-11.348299402801757;14.59440397625088
-7.925962751457098;2.587839195378332;-6.081099846032629;10.567018953075928
2.5049567176278122;-17.401589807801848;-16.90471689521018;-22.076123702028706
4.545258964138802;2.778646433371109;2.8463286358707713;-12.711498716315328
-9.22837882175859;0.2134074812999236;-9.69823172387309;-16.960590069156098
9.687468334835058;-10.085352236864864;-14.874002831450975;11.605604002083796
12.935146477273541;6.319439126722257;7.043791457474827;2.86447369405837
9.30753093107743;-10.856081881650493;-13.957714108840674;14.176745578356767
14.989052362486733;5.872827078840696;5.442711105217769;3.7241855837630773
9.973005087963488;-4.254450867783194;-13.953442516743765;15.070278116234135
